idx,sigma,seed,rmse_x,rmse_y,rmse_psi_deg,tv_u,tv_r,qp_fail,status
1,0,1,0.146023,0.058973,2.263522,206.2871,63.5132,0,ok
2,0,2,0.151951,0.056297,2.321566,208.1463,58.7517,0,ok
3,0,3,0.160091,0.052910,2.403748,198.9347,57.1375,0,ok
4,0,4,0.145007,0.060649,2.263535,200.6012,58.0059,0,ok
5,0,5,0.145710,0.055409,2.268657,196.9311,59.8741,0,ok
6,0,6,0.157678,0.055980,2.264911,212.6331,58.2362,0,ok
7,0,7,0.152258,0.055418,2.236325,201.4362,59.7309,0,ok
8,0,8,0.149232,0.056286,2.173908,213.2253,57.2132,0,ok
9,0,9,0.139067,0.061839,2.218502,204.5454,55.9502,0,ok
10,0,10,0.147427,0.055393,2.310487,201.6514,58.7500,0,ok
11,0,11,0.134993,0.061432,2.243763,200.1548,57.2788,0,ok
12,0,12,0.160612,0.055966,2.258209,225.2803,54.3725,0,ok
13,0,13,0.149919,0.051910,2.276637,202.7623,59.4943,0,ok
14,0,14,0.143254,0.057642,2.301231,208.4789,54.9201,0,ok
15,0,15,0.154097,0.054158,2.326309,208.5486,57.1263,0,ok
16,0,16,0.153120,0.058126,2.251641,201.1047,61.5850,0,ok
17,0,17,0.162763,0.054876,2.344296,217.5520,56.4637,0,ok
18,0,18,0.142553,0.062325,2.264218,216.3854,55.8439,0,ok
19,0,19,0.145335,0.056547,2.230876,188.5969,56.3504,0,ok
20,0,20,0.141733,0.060006,2.297866,198.9460,59.7967,0,ok
21,0,21,0.144029,0.060954,2.254345,202.2443,60.4546,0,ok
22,0,22,0.147662,0.054702,2.303696,193.7107,55.6033,0,ok
23,0,23,0.153290,0.055629,2.271970,213.3345,60.0716,0,ok
24,0,24,0.146090,0.058932,2.234173,192.4494,60.1223,0,ok
25,0,25,0.141765,0.062988,2.267626,224.8988,60.0333,0,ok
26,0,26,0.151950,0.058913,2.271754,206.3506,55.6713,0,ok
27,0,27,0.143481,0.056941,2.260471,198.5278,56.6558,0,ok
28,0,28,0.150991,0.058091,2.332230,204.4743,58.6978,0,ok
29,0,29,0.148717,0.057077,2.362095,194.8834,59.5406,0,ok
30,0,30,0.134105,0.060000,2.258276,195.6843,57.4597,0,ok
31,0,31,0.141173,0.057858,2.357625,202.1710,57.2241,0,ok
32,0,32,0.137694,0.059908,2.320775,191.5396,59.6838,0,ok
33,0,33,0.128103,0.061657,2.388885,206.0018,55.0461,0,ok
34,0,34,0.158186,0.055934,2.293697,215.7208,53.5074,0,ok
35,0,35,0.159483,0.053763,2.374106,218.0100,58.6610,0,ok
36,0,36,0.161494,0.051338,2.344899,214.1616,58.9317,0,ok
37,0,37,0.152248,0.053885,2.324078,191.8042,56.3069,0,ok
38,0,38,0.138458,0.062914,2.214539,197.2695,58.9415,0,ok
39,0,39,0.158918,0.056429,2.264943,204.4717,59.1206,0,ok
40,0,40,0.148514,0.054617,2.316480,201.3085,62.9552,0,ok
41,0,41,0.142457,0.061103,2.206735,202.0071,56.3663,0,ok
42,0,42,0.157383,0.056161,2.281411,214.7401,63.8229,0,ok
43,0,43,0.161279,0.051347,2.327443,212.0679,61.6462,0,ok
44,0,44,0.147534,0.056822,2.276985,197.6571,55.7952,0,ok
45,0,45,0.144750,0.058241,2.303512,193.4999,55.3513,0,ok
46,0,46,0.141818,0.055719,2.261458,190.6151,58.4625,0,ok
47,0,47,0.146495,0.053721,2.274304,198.1171,55.1154,0,ok
48,0,48,0.159618,0.053476,2.361368,209.7306,60.1122,0,ok
49,0,49,0.147947,0.052556,2.222256,195.2539,55.6553,0,ok
50,0,50,0.139102,0.061495,2.297459,193.4629,56.0376,0,ok
51,0,51,0.140273,0.057221,2.243152,190.4373,54.3613,0,ok
52,0,52,0.134626,0.061231,2.202638,185.1328,56.2214,0,ok
53,0,53,0.142406,0.057751,2.261705,200.6958,58.3600,0,ok
54,0,54,0.155446,0.052165,2.328316,205.7470,57.1274,0,ok
55,0,55,0.149452,0.058278,2.120057,205.6923,56.5111,0,ok
56,0,56,0.132419,0.063580,2.223975,198.9083,53.8337,0,ok
57,0,57,0.149205,0.058789,2.285852,216.2399,59.8647,0,ok
58,0,58,0.135338,0.058909,2.255626,188.1238,57.2326,0,ok
59,0,59,0.145980,0.058634,2.254112,196.0930,56.6276,0,ok
60,0,60,0.144171,0.061709,2.245766,207.3476,57.3016,0,ok
61,0,61,0.136220,0.062040,2.249747,199.0953,58.9587,0,ok
62,0,62,0.151524,0.053196,2.265575,205.5316,59.2564,0,ok
63,0,63,0.139810,0.060783,2.207715,198.8977,54.8565,0,ok
64,0,64,0.155841,0.055440,2.271713,214.1584,57.0636,0,ok
65,0,65,0.157507,0.056335,2.269851,215.5405,60.3091,0,ok
66,0,66,0.150221,0.057071,2.281117,207.9494,56.8695,0,ok
67,0,67,0.146507,0.058923,2.235033,207.1331,55.7297,0,ok
68,0,68,0.153793,0.052249,2.278367,194.4822,58.9213,0,ok
69,0,69,0.142828,0.062973,2.200613,208.3527,58.5924,0,ok
70,0,70,0.137796,0.060801,2.221674,200.1618,56.7627,0,ok
71,0,71,0.150277,0.056136,2.229797,204.7538,57.6127,0,ok
72,0,72,0.152387,0.056579,2.236589,208.3912,57.8349,0,ok
73,0,73,0.137026,0.059762,2.181434,201.1407,62.2420,0,ok
74,0,74,0.151034,0.057596,2.256094,209.2995,55.9669,0,ok
75,0,75,0.134740,0.058109,2.239654,184.2741,58.4817,0,ok
76,0,76,0.146164,0.056890,2.229397,200.6968,59.1334,0,ok
77,0,77,0.144340,0.055534,2.247559,196.5870,56.6675,0,ok
78,0,78,0.146126,0.058702,2.286669,196.5349,55.9499,0,ok
79,0,79,0.142096,0.061250,2.324312,200.8473,59.1307,0,ok
80,0,80,0.156478,0.055189,2.216261,211.3993,55.5006,0,ok
81,0,81,0.149847,0.051555,2.315970,203.7589,57.0415,0,ok
82,0,82,0.155264,0.055989,2.244911,209.6690,61.8285,0,ok
83,0,83,0.145893,0.059284,2.216580,206.7028,55.7258,0,ok
84,0,84,0.147940,0.057931,2.314491,193.2592,62.6517,0,ok
85,0,85,0.154072,0.052747,2.313540,205.3355,60.6047,0,ok
86,0,86,0.147553,0.054821,2.292400,205.2375,58.6219,0,ok
87,0,87,0.145545,0.058923,2.228867,203.7832,58.8175,0,ok
88,0,88,0.148414,0.058549,2.278616,204.8336,57.3029,0,ok
89,0,89,0.149392,0.057827,2.306654,204.5752,57.3964,0,ok
90,0,90,0.146549,0.056523,2.262676,191.0766,58.4424,0,ok
91,0,91,0.160976,0.057775,2.304024,215.9374,57.3548,0,ok
92,0,92,0.149628,0.058095,2.367931,213.7543,60.9307,0,ok
93,0,93,0.132452,0.064738,2.294938,203.2593,57.9916,0,ok
94,0,94,0.131660,0.061432,2.240794,195.9977,55.7239,0,ok
95,0,95,0.147881,0.057765,2.333845,203.1188,55.6903,0,ok
96,0,96,0.142351,0.060764,2.191268,211.0750,59.5848,0,ok
97,0,97,0.145068,0.059055,2.199434,188.2863,60.8394,0,ok
98,0,98,0.157734,0.054493,2.333817,217.3005,56.6204,0,ok
99,0,99,0.139747,0.057417,2.258422,203.0722,63.0154,0,ok
100,0,100,0.152059,0.058511,2.255326,209.2958,60.4870,0,ok
101,0.1,101,0.164998,0.068984,2.403152,221.6391,61.8089,0,ok
102,0.1,102,0.123638,0.049761,2.234244,176.5485,61.6217,0,ok
103,0.1,103,0.166549,0.056237,2.337352,222.0294,56.9695,0,ok
104,0.1,104,0.127499,0.049971,2.221004,176.7409,56.6411,0,ok
105,0.1,105,0.159945,0.060321,2.305687,204.8179,57.2176,0,ok
106,0.1,106,0.123406,0.054686,2.152254,190.0407,55.8402,0,ok
107,0.1,107,0.160857,0.065780,2.290182,220.3031,57.1228,0,ok
108,0.1,108,0.178212,0.066904,2.373354,240.2314,54.9831,0,ok
109,0.1,109,0.206467,0.086551,2.524466,271.8039,56.9097,0,ok
110,0.1,110,0.135297,0.059311,2.180554,199.8514,57.9579,0,ok
111,0.1,111,0.078473,0.044150,2.155378,144.7822,54.1595,0,ok
112,0.1,112,0.118745,0.050692,2.148451,183.1033,50.6836,0,ok
113,0.1,113,0.203210,0.072386,2.328563,238.6507,57.1534,0,ok
114,0.1,114,0.112965,0.049754,2.163239,181.3723,54.1284,0,ok
115,0.1,115,0.156908,0.084466,2.273895,244.4001,56.3353,0,ok
116,0.1,116,0.143509,0.064726,2.253491,212.6703,57.9555,0,ok
117,0.1,117,0.190754,0.085674,2.513877,251.3323,54.8738,0,ok
118,0.1,118,0.084718,0.043481,2.088524,145.0140,53.5595,0,ok
119,0.1,119,0.147563,0.054956,2.257581,197.2334,58.8808,0,ok
120,0.1,120,0.105562,0.049780,2.118189,187.6368,56.6704,0,ok
121,0.1,121,0.232898,0.133041,2.390367,265.2995,56.9631,0,ok
122,0.1,122,0.176741,0.062164,2.353319,221.1500,52.8418,0,ok
123,0.1,123,0.185052,0.084068,2.491359,260.3040,59.6061,0,ok
124,0.1,124,0.117025,0.048084,2.123347,178.0120,58.1311,0,ok
125,0.1,125,0.127940,0.059104,2.208516,213.9302,58.0620,0,ok
126,0.1,126,0.140051,0.057225,2.155490,197.1020,60.0576,0,ok
127,0.1,127,0.181236,0.077504,2.336022,253.2150,59.8022,0,ok
128,0.1,128,0.150812,0.052389,2.234974,204.3235,58.8751,0,ok
129,0.1,129,0.182021,0.057521,2.477637,215.9631,59.3612,0,ok
130,0.1,130,0.090805,0.044942,2.179135,150.0557,54.4509,0,ok
131,0.1,131,0.136446,0.056257,2.135504,201.6311,60.7918,0,ok
132,0.1,132,0.126668,0.050935,2.229184,190.0452,61.1302,0,ok
133,0.1,133,0.092905,0.047142,2.080366,156.2819,53.9467,0,ok
134,0.1,134,0.172752,0.063931,2.400862,238.8540,58.6649,0,ok
135,0.1,135,0.165441,0.056270,2.385025,220.1731,61.3242,0,ok
136,0.1,136,0.162122,0.052071,2.340695,214.7720,56.0891,0,ok
137,0.1,137,0.111443,0.049297,2.089778,160.0588,53.7448,0,ok
138,0.1,138,0.177340,0.080848,2.392987,241.6116,59.3018,0,ok
139,0.1,139,0.167120,0.056527,2.305931,203.0586,54.1846,0,ok
140,0.1,140,0.139318,0.053421,2.189377,189.6857,59.8874,0,ok
141,0.1,141,0.145876,0.062027,2.221326,213.1824,54.1494,0,ok
142,0.1,142,0.147270,0.054249,2.301029,207.1417,60.5044,0,ok
143,0.1,143,0.095779,0.045407,2.109203,159.0130,55.7690,0,ok
144,0.1,144,0.147069,0.052438,2.259883,195.0749,58.0192,0,ok
145,0.1,145,0.128977,0.051283,2.177935,186.7922,57.0271,0,ok
146,0.1,146,0.115652,0.054245,2.158676,193.8158,56.0594,0,ok
147,0.1,147,0.110887,0.045648,2.122691,178.1090,59.1858,0,ok
148,0.1,148,0.143959,0.050870,2.251591,204.4609,58.0273,0,ok
149,0.1,149,0.093700,0.043665,2.149348,142.3990,52.4608,0,ok
150,0.1,150,0.178150,0.079502,2.336417,250.5117,55.6409,0,ok
151,0.1,151,0.169648,0.061970,2.303838,234.6369,55.5843,0,ok
152,0.1,152,0.136615,0.060445,2.212000,190.3021,57.4438,0,ok
153,0.1,153,0.136279,0.062146,2.266819,206.1625,59.8866,0,ok
154,0.1,154,0.120177,0.054211,2.076522,184.4638,53.4290,0,ok
155,0.1,155,0.180409,0.079327,2.397628,245.9361,61.5237,0,ok
156,0.1,156,0.153950,0.052932,2.281404,215.2094,56.3530,0,ok
157,0.1,157,0.118908,0.057723,2.125251,193.2706,56.6684,0,ok
158,0.1,158,0.189796,0.086934,2.293098,259.3968,57.9044,0,ok
159,0.1,159,0.137727,0.056491,2.258006,189.6637,56.4681,0,ok
160,0.1,160,0.131694,0.053375,2.196421,194.9223,60.3098,0,ok
161,0.1,161,0.139940,0.054855,2.235853,202.3009,59.1968,0,ok
162,0.1,162,0.123236,0.050554,2.166893,197.0537,56.8415,0,ok
163,0.1,163,0.113182,0.049135,2.030382,187.5969,57.9506,0,ok
164,0.1,164,0.226368,0.126792,2.357879,278.7668,58.1764,0,ok
165,0.1,165,0.170445,0.099469,2.362120,262.1372,56.8048,0,ok
166,0.1,166,0.174411,0.058022,2.376834,241.2162,59.0059,0,ok
167,0.1,167,0.103565,0.050017,2.138161,180.1776,55.4493,0,ok
168,0.1,168,0.120161,0.052719,2.108264,185.7805,57.0983,0,ok
169,0.1,169,0.154390,0.052748,2.306737,211.5976,58.8120,0,ok
170,0.1,170,0.183806,0.064748,2.404392,224.8832,62.3149,0,ok
171,0.1,171,0.110080,0.043623,2.072472,158.8105,53.8223,0,ok
172,0.1,172,0.081509,0.043790,2.092503,146.1548,56.4815,0,ok
173,0.1,173,0.106072,0.044965,2.096970,174.2762,55.6799,0,ok
174,0.1,174,0.167117,0.061990,2.319298,221.4787,58.6242,0,ok
175,0.1,175,0.157098,0.062122,2.307543,210.7982,58.6889,0,ok
176,0.1,176,0.148996,0.067774,2.279178,219.9828,59.3009,0,ok
177,0.1,177,0.144372,0.055955,2.226348,195.1307,58.0842,0,ok
178,0.1,178,0.161331,0.058836,2.337669,218.6767,58.2571,0,ok
179,0.1,179,0.140604,0.050778,2.135794,200.6347,54.9320,0,ok
180,0.1,180,0.179288,0.069858,2.380348,237.5509,52.5492,0,ok
181,0.1,181,0.105086,0.049068,2.118427,173.9964,55.3490,0,ok
182,0.1,182,0.166729,0.065902,2.386027,226.5752,59.0874,0,ok
183,0.1,183,0.122708,0.053963,2.099103,191.8774,56.1386,0,ok
184,0.1,184,0.136202,0.055702,2.242544,184.7823,57.6533,0,ok
185,0.1,185,0.183461,0.060177,2.331610,216.4365,58.4558,0,ok
186,0.1,186,0.153515,0.079394,2.231671,230.5254,58.6674,0,ok
187,0.1,187,0.113790,0.049843,2.114517,177.9998,58.5166,0,ok
188,0.1,188,0.181615,0.085979,2.233939,264.7021,55.4859,0,ok
189,0.1,189,0.173487,0.067680,2.465666,229.1499,60.2713,0,ok
190,0.1,190,0.141922,0.056898,2.271647,188.7360,55.4767,0,ok
191,0.1,191,0.147221,0.058239,2.326100,207.4171,56.1708,0,ok
192,0.1,192,0.138543,0.055914,2.325027,186.6539,59.6241,0,ok
193,0.1,193,0.134655,0.057705,2.192683,198.1756,57.6258,0,ok
194,0.1,194,0.134711,0.060462,2.239697,199.6742,57.2381,0,ok
195,0.1,195,0.150980,0.058112,2.277628,205.4567,56.1424,0,ok
196,0.1,196,0.175187,0.063850,2.372772,237.8669,57.6988,0,ok
197,0.1,197,0.188701,0.084758,2.478233,253.9955,55.3178,0,ok
198,0.1,198,0.161814,0.061387,2.290393,212.3642,57.8265,0,ok
199,0.1,199,0.134736,0.059632,2.225295,195.8520,53.6186,0,ok
200,0.1,200,0.185026,0.063407,2.432470,241.1779,57.4695,0,ok
201,0.2,201,0.156815,0.062336,2.310359,197.7633,60.5999,0,ok
202,0.2,202,0.089083,0.043931,2.172914,149.6408,54.6472,0,ok
203,0.2,203,0.178451,0.109794,2.517350,280.5994,60.2763,0,ok
204,0.2,204,0.167351,0.067953,2.332601,229.2669,54.2035,0,ok
205,0.2,205,0.156744,0.059772,2.333129,200.4698,57.6963,0,ok
206,0.2,206,0.160796,0.088078,2.242619,272.6217,55.3203,0,ok
207,0.2,207,0.162535,0.065315,2.342615,216.1073,58.0429,0,ok
208,0.2,208,0.093474,0.045057,2.093679,160.1395,54.3303,0,ok
209,0.2,209,0.135586,0.057120,2.206307,197.6919,58.2160,0,ok
210,0.2,210,0.137603,0.057890,2.215410,188.7920,57.1773,0,ok
211,0.2,211,0.103542,0.050484,2.191149,181.9576,57.4509,0,ok
212,0.2,212,0.196802,0.153192,2.347541,276.9546,53.2028,0,ok
213,0.2,213,0.093835,0.045207,2.118329,164.8055,55.9550,0,ok
214,0.2,214,0.113708,0.048914,2.116955,174.6844,54.8610,0,ok
215,0.2,215,0.104833,0.046524,2.075536,166.2154,52.2578,0,ok
216,0.2,216,0.085804,0.043950,2.142525,142.6755,52.6974,0,ok
217,0.2,217,0.131890,0.057089,2.206841,184.6590,55.1742,0,ok
218,0.2,218,0.129155,0.056883,2.162449,187.7116,57.2334,0,ok
219,0.2,219,0.243238,0.133862,2.460858,262.9775,56.4445,0,ok
220,0.2,220,0.134498,0.053664,2.202433,191.0647,62.4065,0,ok
221,0.2,221,0.090097,0.044763,2.038317,145.2498,57.7212,0,ok
222,0.2,222,0.216168,0.149834,2.280791,277.9419,55.8142,0,ok
223,0.2,223,0.175339,0.122737,2.565561,261.6323,59.9231,0,ok
224,0.2,224,0.138559,0.052556,2.219001,196.1029,62.7855,0,ok
225,0.2,225,0.073085,0.043700,2.169430,123.2255,55.7946,0,ok
226,0.2,226,0.122515,0.052192,2.138550,197.5709,53.5786,0,ok
227,0.2,227,0.143753,0.052819,2.055770,194.0314,58.2654,0,ok
228,0.2,228,0.169898,0.061081,2.383796,219.1875,58.2901,0,ok
229,0.2,229,0.122728,0.058034,2.195794,182.0872,57.8188,0,ok
230,0.2,230,0.190114,0.068850,2.337636,249.4518,59.4293,0,ok
231,0.2,231,0.170357,0.070460,2.341541,247.4488,53.9550,0,ok
232,0.2,232,0.073651,0.042051,2.272064,134.7272,55.0180,0,ok
233,0.2,233,0.091172,0.044577,2.030150,150.5749,54.9356,0,ok
234,0.2,234,0.109499,0.042688,2.148945,166.8418,56.6910,0,ok
235,0.2,235,0.120169,0.047303,2.117122,184.7177,55.9783,0,ok
236,0.2,236,0.123440,0.054611,2.138675,189.4746,55.7649,0,ok
237,0.2,237,0.151648,0.053625,2.318852,197.4126,57.5325,0,ok
238,0.2,238,0.063623,0.061590,2.255865,93.6018,70.4980,0,ok
239,0.2,239,0.129173,0.048584,2.175440,178.3120,57.2154,0,ok
240,0.2,240,0.201285,0.124296,2.384985,276.7002,57.0600,0,ok
241,0.2,241,0.091819,0.043174,2.162785,146.3886,51.0649,0,ok
242,0.2,242,0.185067,0.101371,2.364595,267.1010,57.9061,0,ok
243,0.2,243,0.182723,0.065127,2.393156,228.2872,59.2181,0,ok
244,0.2,244,0.144689,0.060567,2.266119,202.9751,57.5388,0,ok
245,0.2,245,0.159247,0.060211,2.366290,199.6555,57.3330,0,ok
246,0.2,246,0.067127,0.043857,2.289972,123.8553,58.7914,0,ok
247,0.2,247,0.137935,0.055078,2.172439,190.4270,60.4415,0,ok
248,0.2,248,0.195403,0.153349,2.273726,277.0405,55.0237,0,ok
249,0.2,249,0.165896,0.056730,2.277807,211.1771,56.2266,0,ok
250,0.2,250,0.153190,0.062794,2.262627,223.0800,54.4119,0,ok
251,0.2,251,0.099004,0.049632,2.098631,164.9351,52.0021,0,ok
252,0.2,252,0.133451,0.060919,2.251437,187.8066,58.8968,0,ok
253,0.2,253,0.168285,0.064007,2.375814,219.9578,58.5878,0,ok
254,0.2,254,0.182789,0.069347,2.412551,231.2600,57.8590,0,ok
255,0.2,255,0.127096,0.049727,2.100596,186.9825,57.8171,0,ok
256,0.2,256,0.135533,0.050020,2.274002,187.8116,54.3256,0,ok
257,0.2,257,0.185500,0.180050,2.493647,278.4744,56.4894,0,ok
258,0.2,258,0.052425,0.047161,2.399916,98.3373,56.1004,0,ok
259,0.2,259,0.211455,0.187997,2.697363,270.8954,55.5242,0,ok
260,0.2,260,0.180779,0.066174,2.386338,229.4746,60.8822,0,ok
261,0.2,261,0.197106,0.104261,2.442224,258.5376,56.4356,0,ok
262,0.2,262,0.064803,0.042025,2.231263,121.9678,53.2102,0,ok
263,0.2,263,0.110189,0.050270,2.083451,182.8456,57.3657,0,ok
264,0.2,264,0.134316,0.054420,2.182062,193.3351,57.3445,0,ok
265,0.2,265,0.172210,0.067682,2.412119,226.4870,55.7865,0,ok
266,0.2,266,0.063441,0.044830,2.298854,116.7933,50.3999,0,ok
267,0.2,267,0.194221,0.071899,2.409787,248.7623,60.7093,0,ok
268,0.2,268,0.079891,0.044685,2.163210,145.3234,51.0165,0,ok
269,0.2,269,0.160182,0.055350,2.300099,214.3703,60.6668,0,ok
270,0.2,270,0.188410,0.081408,2.489594,262.5857,56.2891,0,ok
271,0.2,271,0.175543,0.064313,2.370274,221.1570,54.5632,0,ok
272,0.2,272,0.238118,0.102878,2.406499,269.6916,57.3609,0,ok
273,0.2,273,0.182903,0.110961,2.430833,269.2686,61.3273,0,ok
274,0.2,274,0.106231,0.048147,2.120623,172.0700,54.6515,0,ok
275,0.2,275,0.156521,0.066734,2.204034,210.5983,57.2832,0,ok
276,0.2,276,0.086410,0.045281,2.138078,163.8882,58.0055,0,ok
277,0.2,277,0.077064,0.042769,2.170165,130.5634,51.7661,0,ok
278,0.2,278,0.219781,0.102815,2.391379,270.9400,58.1313,0,ok
279,0.2,279,0.141253,0.059346,2.271730,196.6458,57.4054,0,ok
280,0.2,280,0.156533,0.052268,2.191333,210.1514,58.3028,0,ok
281,0.2,281,0.211056,0.089772,2.382183,260.3069,55.3649,0,ok
282,0.2,282,0.193481,0.084972,2.356768,258.8518,56.7466,0,ok
283,0.2,283,0.156987,0.069194,2.394836,218.2005,59.2355,0,ok
284,0.2,284,0.219142,0.117649,2.430381,269.6693,57.1387,0,ok
285,0.2,285,0.201428,0.096429,2.384897,269.7981,60.8395,0,ok
286,0.2,286,0.158558,0.056962,2.345007,198.3581,57.7940,0,ok
287,0.2,287,0.101717,0.048367,2.103211,166.4309,57.4244,0,ok
288,0.2,288,0.109471,0.046738,2.106279,176.0160,58.3993,0,ok
289,0.2,289,0.210465,0.118443,2.373887,265.7910,56.0623,0,ok
290,0.2,290,0.069172,0.043633,2.220011,120.8374,46.7351,0,ok
291,0.2,291,0.151877,0.059426,2.258428,207.0353,56.1108,0,ok
292,0.2,292,0.058465,0.045589,2.295515,118.9121,56.7751,0,ok
293,0.2,293,0.179614,0.115609,2.441917,270.2106,61.4681,0,ok
294,0.2,294,0.175344,0.106456,2.535116,264.9714,55.6558,0,ok
295,0.2,295,0.148156,0.059998,2.288811,204.2802,58.1393,0,ok
296,0.2,296,0.141804,0.054376,2.297963,198.0303,61.0802,0,ok
297,0.2,297,0.058621,0.050631,2.344413,96.4243,58.3111,0,ok
298,0.2,298,0.177156,0.078858,2.476024,244.8674,58.9989,0,ok
299,0.2,299,0.054913,0.046212,2.402952,107.8198,56.1262,0,ok
300,0.2,300,0.057083,0.049459,2.325624,107.4702,62.2578,0,ok
